Condition,RMS,PeakFreq_Hz
Healthy,4.45304338324981,31.7936412717456
Faulty,13.8801305449158,20.1959608078384
